match_id,batting_team,total_runs
1426268,Sunrisers Hyderabad,287
1422126,Sunrisers Hyderabad,277
1422134,Kolkata Knight Riders,272
1426273,Sunrisers Hyderabad,266
598027,Royal Challengers Bangalore,263
1426280,Punjab Kings,262
1426268,Royal Challengers Bengaluru,262
1426280,Kolkata Knight Riders,261
1426281,Delhi Capitals,257
1359512,Lucknow Super Giants,257
980987,Royal Challengers Bangalore,248
1426281,Mumbai Indians,247
1422126,Mumbai Indians,246
419137,Chennai Super Kings,246
1136604,Kolkata Knight Riders,245
1426296,Royal Challengers Bengaluru,241
335983,Chennai Super Kings,240
829795,Royal Challengers Bangalore,235
1359507,Chennai Super Kings,235
1254088,Mumbai Indians,235
1426292,Kolkata Knight Riders,235
1422138,Mumbai Indians,234
1370352,Gujarat Titans,233
1178422,Kolkata Knight Riders,232
501260,Kings XI Punjab,232
1175366,Sunrisers Hyderabad,231
501223,Delhi Daredevils,231
733987,Kings XI Punjab,231
1426297,Gujarat Titans,231
1082641,Kings XI Punjab,230
1216515,Delhi Capitals,228
1359493,Sunrisers Hyderabad,228
980907,Royal Challengers Bangalore,227
1359525,Gujarat Titans,227
829785,Royal Challengers Bangalore,226
1216527,Rajasthan Royals,226
734047,Kings XI Punjab,226
1359498,Chennai Super Kings,226
1426269,Rajasthan Royals,224
1426278,Delhi Capitals,224
1359541,Chennai Super Kings,223
1426269,Kolkata Knight Riders,223
1216527,Kings XI Punjab,223
1082641,Mumbai Indians,223
598051,Chennai Super Kings,223
419137,Rajasthan Royals,223
1426274,Kolkata Knight Riders,222
548380,Chennai Super Kings,222
1304080,Rajasthan Royals,222
335982,Kolkata Knight Riders,222
1254061,Punjab Kings,221
336019,Kings XI Punjab,221
1426274,Royal Challengers Bengaluru,221
1426294,Delhi Capitals,221
1254072,Chennai Super Kings,220
1426278,Gujarat Titans,220
1254085,Rajasthan Royals,220
1216524,Sunrisers Hyderabad,219
1254084,Mumbai Indians,219
1136586,Delhi Daredevils,219
1175361,Kolkata Knight Riders,218
1426306,Royal Challengers Bengaluru,218
1359531,Mumbai Indians,218
1359498,Royal Challengers Bangalore,218
1254084,Chennai Super Kings,218
1136611,Royal Challengers Bangalore,218
419114,Mumbai Indians,218
1359526,Sunrisers Hyderabad,217
1359480,Chennai Super Kings,217
1304076,Rajasthan Royals,217
335990,Rajasthan Royals,217
1136571,Rajasthan Royals,217
1254061,Rajasthan Royals,217
1216496,Rajasthan Royals,216
1359520,Mumbai Indians,216
1304068,Chennai Super Kings,216
548372,Royal Challengers Bangalore,215
1304065,Delhi Capitals,215
1426307,Sunrisers Hyderabad,215
1370353,Gujarat Titans,214
335990,Deccan Chargers,214
1359520,Punjab Kings,214
1359526,Rajasthan Royals,214
1082632,Delhi Daredevils,214
1426305,Lucknow Super Giants,214
1136604,Kings XI Punjab,214
1359516,Mumbai Indians,214
1359505,Punjab Kings,214
1426307,Punjab Kings,214
1359489,Lucknow Super Giants,213
1178410,Royal Challengers Bangalore,213
1175358,Delhi Capitals,213
1082610,Royal Challengers Bangalore,213
1426277,Lucknow Super Giants,213
1136574,Mumbai Indians,213
1359538,Delhi Capitals,213
1359516,Rajasthan Royals,212
419107,Mumbai Indians,212
1426284,Chennai Super Kings,212
1216547,Royal Challengers Bangalore,212
1082635,Mumbai Indians,212
1178423,Sunrisers Hyderabad,212
1359489,Royal Challengers Bangalore,212
1304053,Lucknow Super Giants,211
980999,Royal Challengers Bangalore,211
1136590,Chennai Super Kings,211
392210,Rajasthan Royals,211
734007,Kings XI Punjab,211
336033,Rajasthan Royals,211
1304112,Lucknow Super Giants,210
1304051,Rajasthan Royals,210
1216515,Kolkata Knight Riders,210
1136601,Mumbai Indians,210
1304076,Kolkata Knight Riders,210
1426277,Chennai Super Kings,210
1304053,Chennai Super Kings,210
1082627,Sunrisers Hyderabad,209
1304106,Punjab Kings,209
829737,Mumbai Indians,209
598006,Mumbai Indians,209
829711,Chennai Super Kings,209
548318,Chennai Super Kings,208
1304112,Kolkata Knight Riders,208
1082632,Gujarat Lions,208
419107,Rajasthan Royals,208
1304049,Punjab Kings,208
1304101,Chennai Super Kings,208
1422121,Kolkata Knight Riders,208
1216547,Mumbai Indians,208
981019,Sunrisers Hyderabad,208
335989,Chennai Super Kings,208
1216538,Mumbai Indians,208
1426302,Delhi Capitals,208
1136584,Chennai Super Kings,207
1312198,Royal Challengers Bangalore,207
1304080,Delhi Capitals,207
548342,Delhi Daredevils,207
335983,Kings XI Punjab,207
1304096,Delhi Capitals,207
1082623,Sunrisers Hyderabad,207
1359487,Kolkata Knight Riders,207
1082591,Sunrisers Hyderabad,207
1359509,Gujarat Titans,207
729283,Kings XI Punjab,206
1216510,Kings XI Punjab,206
1175372,Kolkata Knight Riders,206
1426267,Chennai Super Kings,206
980993,Mumbai Indians,206
1426283,Royal Challengers Bengaluru,206
829741,Kings XI Punjab,206
1426279,Royal Challengers Bengaluru,206
1422125,Chennai Super Kings,206
1175372,Royal Challengers Bangalore,205
1082599,Delhi Daredevils,205
501271,Chennai Super Kings,205
1136584,Royal Challengers Bangalore,205
501244,Royal Challengers Bangalore,205
1304049,Royal Challengers Bangalore,205
1422138,Delhi Capitals,205
1136565,Chennai Super Kings,205
729283,Chennai Super Kings,205
1359493,Kolkata Knight Riders,205
548318,Royal Challengers Bangalore,205
734007,Sunrisers Hyderabad,205
1359480,Lucknow Super Giants,205
1422121,Sunrisers Hyderabad,204
419139,Kings XI Punjab,204
1136611,Sunrisers Hyderabad,204
419112,Royal Challengers Bangalore,204
1254067,Royal Challengers Bangalore,204
1359487,Gujarat Titans,204
1359483,Kolkata Knight Riders,204
1136577,Chennai Super Kings,204
336014,Kolkata Knight Riders,204
419112,Kings XI Punjab,203
1359478,Rajasthan Royals,203
1178410,Kolkata Knight Riders,203
1178417,Royal Challengers Bangalore,202
734047,Chennai Super Kings,202
335989,Mumbai Indians,202
1359511,Rajasthan Royals,202
829823,Mumbai Indians,202
501223,Kings XI Punjab,202
1304092,Chennai Super Kings,202
1254072,Kolkata Knight Riders,202
1136565,Kolkata Knight Riders,202
1359512,Punjab Kings,201
336033,Chennai Super Kings,201
1216542,Sunrisers Hyderabad,201
1359543,Mumbai Indians,201
1359515,Punjab Kings,201
1175363,Sunrisers Hyderabad,201
1426288,Sunrisers Hyderabad,201
734011,Rajasthan Royals,201
1426294,Rajasthan Royals,201
1359505,Mumbai Indians,201
829787,Sunrisers Hyderabad,201
829763,Royal Challengers Bangalore,200
1136573,Kolkata Knight Riders,200
1426288,Rajasthan Royals,200
1359543,Sunrisers Hyderabad,200
1426283,Gujarat Titans,200
1237177,Mumbai Indians,200
419139,Kolkata Knight Riders,200
1359528,Mumbai Indians,200
1359510,Kolkata Knight Riders,200
1422135,Punjab Kings,200
981019,Royal Challengers Bangalore,200
1359515,Chennai Super Kings,200
734049,Kolkata Knight Riders,200
1216496,Chennai Super Kings,200
598034,Chennai Super Kings,200
1359528,Royal Challengers Bangalore,199
1304072,Lucknow Super Giants,199
1304086,Gujarat Titans,199
1082612,Mumbai Indians,199
734049,Kings XI Punjab,199
1426262,Gujarat Titans,199
1426263,Mumbai Indians,199
1426282,Rajasthan Royals,199
1359485,Rajasthan Royals,199
1422129,Lucknow Super Giants,199
1426273,Delhi Capitals,199
1422135,Gujarat Titans,199
829811,Rajasthan Royals,199
1178422,Mumbai Indians,198
1136590,Delhi Daredevils,198
501264,Deccan Chargers,198
1175363,Rajasthan Royals,198
1359544,Gujarat Titans,198
1254068,Delhi Capitals,198
1359538,Punjab Kings,198
1082612,Kings XI Punjab,198
1304069,Punjab Kings,198
733991,Kings XI Punjab,198
1178399,Mumbai Indians,198
1136571,Royal Challengers Bangalore,198
336023,Rajasthan Royals,197
1359544,Royal Challengers Bangalore,197
1359482,Punjab Kings,197
1359514,Sunrisers Hyderabad,197
548326,Rajasthan Royals,197
1178399,Kings XI Punjab,197
1136572,Kings XI Punjab,197
1082640,Delhi Daredevils,197
829741,Rajasthan Royals,197
548317,Mumbai Indians,197
1216517,Kings XI Punjab,196
1216519,Delhi Capitals,196
1426305,Mumbai Indians,196
829795,Mumbai Indians,196
1426297,Chennai Super Kings,196
336000,Rajasthan Royals,196
1136592,Delhi Daredevils,196
1426263,Royal Challengers Bengaluru,196
980949,Gujarat Lions,196
1426262,Rajasthan Royals,196
1426282,Lucknow Super Giants,196
548326,Deccan Chargers,196
1216541,Rajasthan Royals,196
501249,Chennai Super Kings,196
1175365,Delhi Capitals,195
1216508,Mumbai Indians,195
734027,Kolkata Knight Riders,195
419159,Chennai Super Kings,195
1304091,Lucknow Super Giants,195
1254068,Punjab Kings,195
1082640,Gujarat Lions,195
1136569,Delhi Daredevils,195
548324,Rajasthan Royals,195
980969,Royal Challengers Bangalore,195
734041,Mumbai Indians,195
1304086,Sunrisers Hyderabad,195
1216541,Mumbai Indians,195
980949,Rising Pune Supergiants,195
501220,Kings XI Punjab,195
1136569,Mumbai Indians,194
1216540,Royal Challengers Bangalore,194
548372,Delhi Daredevils,194
548366,Kings XI Punjab,194
336020,Delhi Daredevils,194
598033,Mumbai Indians,194
829787,Rajasthan Royals,194
1216497,Kolkata Knight Riders,194
980953,Sunrisers Hyderabad,194
598064,Kings XI Punjab,194
1178415,Delhi Capitals,193
1422122,Rajasthan Royals,193
1136576,Kings XI Punjab,193
1136572,Chennai Super Kings,193
1304068,Royal Challengers Bangalore,193
729295,Kings XI Punjab,193
729291,Kings XI Punjab,193
1359477,Lucknow Super Giants,193
548311,Chennai Super Kings,193
1254088,Sunrisers Hyderabad,193
1304111,Sunrisers Hyderabad,193
1216511,Mumbai Indians,193
1304055,Rajasthan Royals,193
501206,Kings XI Punjab,193
548329,Delhi Daredevils,193
1312198,Lucknow Super Giants,193
1359499,Mumbai Indians,192
1216517,Mumbai Indians,192
1254117,Chennai Super Kings,192
1304070,Gujarat Titans,192
548333,Pune Warriors,192
1359482,Rajasthan Royals,192
598070,Chennai Super Kings,192
829753,Chennai Super Kings,192
419159,Kings XI Punjab,192
1304100,Royal Challengers Bangalore,192
548381,Kolkata Knight Riders,192
829773,Sunrisers Hyderabad,192
980921,Delhi Daredevils,192
1082637,Gujarat Lions,192
1082610,Gujarat Lions,192
1426271,Mumbai Indians,192
1175365,Kolkata Knight Riders,192
336038,Rajasthan Royals,192
1359476,Punjab Kings,191
729291,Rajasthan Royals,191
1216530,Kolkata Knight Riders,191
1178415,Rajasthan Royals,191
1136602,Sunrisers Hyderabad,191
1422131,Delhi Capitals,191
1216503,Mumbai Indians,191
980921,Royal Challengers Bangalore,191
1254076,Chennai Super Kings,191
548309,Rajasthan Royals,191
980969,Rising Pune Supergiants,191
1082611,Sunrisers Hyderabad,191
335998,Delhi Daredevils,191
1312197,Gujarat Titans,191
829737,Royal Challengers Bangalore,191
733999,Rajasthan Royals,191
1426306,Chennai Super Kings,191
1359531,Gujarat Titans,191
1136578,Kolkata Knight Riders,191
419157,Mumbai Indians,191
501213,Delhi Daredevils,190
419116,Chennai Super Kings,190
1304111,Mumbai Indians,190
548366,Deccan Chargers,190
419110,Deccan Chargers,190
1304098,Rajasthan Royals,190
1254059,Delhi Capitals,190
548344,Kolkata Knight Riders,190
1254089,Rajasthan Royals,190
598064,Royal Challengers Bangalore,190
829811,Kolkata Knight Riders,190
1175361,Kings XI Punjab,190
829747,Delhi Daredevils,190
548381,Chennai Super Kings,190
733999,Royal Challengers Bangalore,190
1304062,Gujarat Titans,190
734029,Sunrisers Hyderabad,189
1426302,Lucknow Super Giants,189
734041,Rajasthan Royals,189
1304091,Delhi Capitals,189
1254089,Chennai Super Kings,189
1082630,Delhi Daredevils,189
829777,Rajasthan Royals,189
1237180,Delhi Capitals,189
1304098,Punjab Kings,189
1304062,Punjab Kings,189
980959,Kolkata Knight Riders,189
548336,Royal Challengers Bangalore,189
1304073,Royal Challengers Bangalore,189
1082637,Kings XI Punjab,189
1422137,Rajasthan Royals,189
392231,Kolkata Knight Riders,189
829729,Chennai Super Kings,189
1359506,Royal Challengers Bangalore,189
392189,Delhi Daredevils,189
336028,Kings XI Punjab,189
1359540,Rajasthan Royals,189
1304092,Sunrisers Hyderabad,189
980941,Mumbai Indians,189
980909,Mumbai Indians,188
1082605,Delhi Daredevils,188
1082616,Kings XI Punjab,188
1254069,Chennai Super Kings,188
1082613,Gujarat Lions,188
336028,Mumbai Indians,188
1254059,Chennai Super Kings,188
1312197,Rajasthan Royals,188
336009,Chennai Super Kings,188
1178402,Rajasthan Royals,188
392231,Chennai Super Kings,188
1359514,Delhi Capitals,188
419134,Delhi Daredevils,188
1359536,Gujarat Titans,188
501206,Chennai Super Kings,188
1082613,Kolkata Knight Riders,187
1178421,Delhi Capitals,187
733987,Chennai Super Kings,187
1359539,Royal Challengers Bangalore,187
336009,Delhi Daredevils,187
829769,Mumbai Indians,187
1178402,Mumbai Indians,187
1359524,Delhi Capitals,187
548329,Deccan Chargers,187
1359540,Punjab Kings,187
829813,Delhi Daredevils,187
829817,Mumbai Indians,187
1082592,Rising Pune Supergiant,187
1254060,Kolkata Knight Riders,187
1136602,Delhi Daredevils,187
548379,Chennai Super Kings,187
501213,Pune Warriors,187
1304084,Punjab Kings,187
980909,Kolkata Knight Riders,187
392197,Mumbai Indians,187
1136605,Royal Challengers Bangalore,187
733983,Mumbai Indians,187
1426300,Royal Challengers Bengaluru,187
598042,Royal Challengers Bangalore,187
1175362,Mumbai Indians,187
1136610,Mumbai Indians,186
1422128,Kolkata Knight Riders,186
1359496,Mumbai Indians,186
1304096,Sunrisers Hyderabad,186
598025,Kings XI Punjab,186
548327,Royal Challengers Bangalore,186
598026,Chennai Super Kings,186
980951,Delhi Daredevils,186
1359539,Sunrisers Hyderabad,186
980995,Royal Challengers Bangalore,186
1304069,Mumbai Indians,186
598034,Kolkata Knight Riders,186
548348,Deccan Chargers,186
598041,Chennai Super Kings,186
1359507,Kolkata Knight Riders,186
1426267,Mumbai Indians,186
1216537,Rajasthan Royals,186
419145,Deccan Chargers,186
734005,Royal Challengers Bangalore,186
829715,Rajasthan Royals,186
1082630,Sunrisers Hyderabad,185
1178417,Kings XI Punjab,185
598025,Pune Warriors,185
598026,Rajasthan Royals,185
1254111,Rajasthan Royals,185
392214,Chennai Super Kings,185
501270,Royal Challengers Bangalore,185
1422127,Rajasthan Royals,185
548356,Royal Challengers Bangalore,185
1178427,Kolkata Knight Riders,185
1216509,Delhi Capitals,185
980931,Royal Challengers Bangalore,185
1359532,Lucknow Super Giants,185
1216537,Kings XI Punjab,185
419116,Delhi Daredevils,185
734029,Chennai Super Kings,185
829799,Sunrisers Hyderabad,185
1359496,Kolkata Knight Riders,185
980959,Royal Challengers Bangalore,185
1082620,Kolkata Knight Riders,184
1216500,Delhi Capitals,184
501210,Kochi Tuskers Kerala,184
1175359,Kings XI Punjab,184
829715,Delhi Daredevils,184
392188,Deccan Chargers,184
598060,Mumbai Indians,184
419145,Royal Challengers Bangalore,184
729301,Sunrisers Hyderabad,184
829791,Kolkata Knight Riders,184
419162,Mumbai Indians,184
1082592,Mumbai Indians,184
1082593,Kolkata Knight Riders,184
419140,Delhi Daredevils,184
419136,Royal Challengers Bangalore,184
829729,Mumbai Indians,183
1254111,Punjab Kings,183
419152,Mumbai Indians,183
598054,Royal Challengers Bangalore,183
419124,Rajasthan Royals,183
1426276,Rajasthan Royals,183
501211,Chennai Super Kings,183
1426271,Punjab Kings,183
419127,Kolkata Knight Riders,183
1175357,Kolkata Knight Riders,183
419128,Delhi Daredevils,183
598011,Mumbai Indians,183
980995,Kolkata Knight Riders,183
829791,Kings XI Punjab,183
598066,Kings XI Punjab,183
1082593,Gujarat Lions,183
1178427,Kings XI Punjab,183
1136610,Kings XI Punjab,183
1422137,Royal Challengers Bengaluru,183
548327,Pune Warriors,182
1359532,Sunrisers Hyderabad,182
548363,Mumbai Indians,182
1422128,Royal Challengers Bengaluru,182
1136580,Chennai Super Kings,182
336020,Deccan Chargers,182
335991,Kings XI Punjab,182
1359527,Kolkata Knight Riders,182
1178407,Kings XI Punjab,182
1359475,Gujarat Titans,182
980907,Sunrisers Hyderabad,182
501210,Mumbai Indians,182
598047,Rajasthan Royals,182
1359506,Rajasthan Royals,182
1426261,Sunrisers Hyderabad,182
1082620,Rising Pune Supergiant,182
980937,Gujarat Lions,182
1370351,Mumbai Indians,182
548356,Deccan Chargers,181
501254,Kings XI Punjab,181
419135,Kolkata Knight Riders,181
419144,Kolkata Knight Riders,181
336013,Chennai Super Kings,181
1136597,Mumbai Indians,181
733981,Chennai Super Kings,181
336014,Deccan Chargers,181
1359524,Royal Challengers Bangalore,181
829745,Chennai Super Kings,181
1422133,Lucknow Super Giants,181
1304072,Mumbai Indians,181
419136,Kings XI Punjab,181
1216513,Chennai Super Kings,181
419125,Mumbai Indians,181
335998,Royal Challengers Bangalore,181
1304077,Royal Challengers Bangalore,181
1426296,Punjab Kings,181
1136620,Chennai Super Kings,181
501232,Royal Challengers Bangalore,181
1175362,Royal Challengers Bangalore,181
1082623,Kings XI Punjab,181
980971,Kings XI Punjab,181
1175357,Sunrisers Hyderabad,181
1136605,Delhi Daredevils,181
1254073,Royal Challengers Bangalore,181
1304057,Punjab Kings,180
1136593,Kolkata Knight Riders,180
598013,Kolkata Knight Riders,180
1178401,Delhi Capitals,180
980991,Sunrisers Hyderabad,180
336019,Rajasthan Royals,180
1359513,Gujarat Titans,180
1136606,Chennai Super Kings,180
1426261,Punjab Kings,180
980937,Royal Challengers Bangalore,180
1426272,Lucknow Super Giants,180
392189,Chennai Super Kings,180
729301,Delhi Daredevils,180
419125,Chennai Super Kings,180
829799,Kings XI Punjab,180
1082597,Mumbai Indians,180
829819,Royal Challengers Bangalore,180
829769,Rajasthan Royals,179
336032,Delhi Daredevils,179
1216522,Royal Challengers Bangalore,179
1359527,Punjab Kings,179
1254083,Punjab Kings,179
980991,Kings XI Punjab,179
1082615,Rising Pune Supergiant,179
1178425,Chennai Super Kings,179
1136606,Sunrisers Hyderabad,179
501243,Delhi Daredevils,179
1216509,Chennai Super Kings,179
980953,Royal Challengers Bangalore,179
734033,Kings XI Punjab,179
1359510,Royal Challengers Bangalore,179
829713,Royal Challengers Bangalore,179
598054,Delhi Daredevils,179
1304048,Delhi Capitals,179
598019,Rajasthan Royals,179
1359513,Kolkata Knight Riders,179
392185,Chennai Super Kings,179
1426276,Mumbai Indians,179
1359497,Rajasthan Royals,179
1136580,Sunrisers Hyderabad,178
1178401,Kolkata Knight Riders,178
1082597,Kolkata Knight Riders,178
980947,Mumbai Indians,178
733981,Delhi Daredevils,178
1178429,Royal Challengers Bangalore,178
734017,Mumbai Indians,178
1136576,Sunrisers Hyderabad,178
1216536,Chennai Super Kings,178
598060,Sunrisers Hyderabad,178
1216513,Kings XI Punjab,178
598047,Pune Warriors,178
1136620,Sunrisers Hyderabad,178
501246,Mumbai Indians,178
419138,Mumbai Indians,178
336031,Kings XI Punjab,178
336024,Mumbai Indians,178
501267,Mumbai Indians,178
1422129,Punjab Kings,178
1359475,Chennai Super Kings,178
1304109,Rajasthan Royals,178
392209,Chennai Super Kings,178
336003,Kings XI Punjab,178
501254,Kochi Tuskers Kerala,178
335996,Chennai Super Kings,178
1359499,Sunrisers Hyderabad,178
1422124,Royal Challengers Bengaluru,178
419156,Deccan Chargers,178
1136603,Rajasthan Royals,177
1254060,Sunrisers Hyderabad,177
1136563,Kolkata Knight Riders,177
548354,Rajasthan Royals,177
1304048,Mumbai Indians,177
1082606,Mumbai Indians,177
1175364,Kings XI Punjab,177
419131,Delhi Daredevils,177
548341,Deccan Chargers,177
1422120,Punjab Kings,177
419129,Rajasthan Royals,177
1359497,Gujarat Titans,177
980973,Sunrisers Hyderabad,177
729293,Chennai Super Kings,177
501268,Chennai Super Kings,177
1216531,Kings XI Punjab,177
1136593,Chennai Super Kings,177
1304097,Mumbai Indians,177
1216522,Rajasthan Royals,177
1254073,Rajasthan Royals,177
1304107,Kolkata Knight Riders,177
1178418,Rajasthan Royals,177
829717,Kings XI Punjab,177
1359537,Lucknow Super Giants,177
829713,Kolkata Knight Riders,177
1136589,Kolkata Knight Riders,176
1422119,Chennai Super Kings,176
598045,Kings XI Punjab,176
1082611,Delhi Daredevils,176
1136579,Royal Challengers Bangalore,176
1422124,Punjab Kings,176
1178416,Chennai Super Kings,176
1082615,Sunrisers Hyderabad,176
392221,Royal Challengers Bangalore,176
1426272,Chennai Super Kings,176
336032,Mumbai Indians,176
1136563,Royal Challengers Bangalore,176
1304099,Lucknow Super Giants,176
501253,Chennai Super Kings,176
1359542,Lucknow Super Giants,176
1082606,Gujarat Lions,176
1304084,Chennai Super Kings,176
1175358,Mumbai Indians,176
1136603,Chennai Super Kings,176
1304071,Sunrisers Hyderabad,176
1175364,Mumbai Indians,176
1136594,Mumbai Indians,176
829743,Sunrisers Hyderabad,176
734045,Chennai Super Kings,176
1304071,Kolkata Knight Riders,175
336031,Deccan Chargers,175
980977,Royal Challengers Bangalore,175
1359542,Kolkata Knight Riders,175
829777,Delhi Daredevils,175
501222,Royal Challengers Bangalore,175
1178429,Sunrisers Hyderabad,175
1178416,Sunrisers Hyderabad,175
501267,Kolkata Knight Riders,175
1216539,Delhi Capitals,175
501243,Deccan Chargers,175
1359491,Rajasthan Royals,175
1426311,Sunrisers Hyderabad,175
501268,Royal Challengers Bangalore,175
1178418,Kolkata Knight Riders,175
1136589,Royal Challengers Bangalore,175
336035,Kolkata Knight Riders,175
1175367,Chennai Super Kings,175
501208,Deccan Chargers,175
598045,Royal Challengers Bangalore,174
336035,Kings XI Punjab,174
548355,Mumbai Indians,174
1136619,Sunrisers Hyderabad,174
1178403,Royal Challengers Bangalore,174
419150,Mumbai Indians,174
1426310,Rajasthan Royals,174
598037,Mumbai Indians,174
392214,Kings XI Punjab,174
1136615,Delhi Daredevils,174
419156,Kings XI Punjab,174
1136594,Kings XI Punjab,174
1136579,Delhi Daredevils,174
1216504,Kolkata Knight Riders,174
1359494,Royal Challengers Bangalore,174
1304089,Gujarat Titans,174
1426293,Mumbai Indians,174
1359501,Royal Challengers Bangalore,174
980977,Kings XI Punjab,174
980947,Kolkata Knight Riders,174
1422120,Delhi Capitals,174
1216538,Sunrisers Hyderabad,174
598036,Rajasthan Royals,173
1254080,Chennai Super Kings,173
981007,Gujarat Lions,173
392223,Delhi Daredevils,173
1136614,Kolkata Knight Riders,173
1422119,Royal Challengers Bengaluru,173
392221,Kolkata Knight Riders,173
734045,Mumbai Indians,173
392191,Kings XI Punjab,173
1304059,Royal Challengers Bangalore,173
1426293,Sunrisers Hyderabad,173
981005,Rising Pune Supergiants,173
548362,Royal Challengers Bangalore,173
1082644,Mumbai Indians,173
1304073,Delhi Capitals,173
734031,Mumbai Indians,173
1359490,Mumbai Indians,173
1304095,Royal Challengers Bangalore,173
548355,Chennai Super Kings,173
1178430,Kings XI Punjab,173
548367,Mumbai Indians,173
1178403,Kings XI Punjab,173
1254114,Chennai Super Kings,173
1422122,Lucknow Super Giants,173
548348,Pune Warriors,173
1422127,Delhi Capitals,173
1370350,Chennai Super Kings,172
980945,Gujarat Lions,172
1237180,Sunrisers Hyderabad,172
980931,Rising Pune Supergiants,172
1082603,Gujarat Lions,172
1082604,Kolkata Knight Riders,172
1216536,Kolkata Knight Riders,172
501224,Mumbai Indians,172
419130,Mumbai Indians,172
981005,Kings XI Punjab,172
729317,Sunrisers Hyderabad,172
980971,Delhi Daredevils,172
829775,Mumbai Indians,172
1082591,Royal Challengers Bangalore,172
1359479,Royal Challengers Bangalore,172
1359491,Chennai Super Kings,172
981007,Mumbai Indians,172
1254081,Mumbai Indians,172
1359490,Delhi Capitals,172
598067,Pune Warriors,172
1359537,Mumbai Indians,172
829719,Sunrisers Hyderabad,172
1254098,Chennai Super Kings,172
1178406,Mumbai Indians,172
1254114,Delhi Capitals,172
1136614,Sunrisers Hyderabad,172
336001,Delhi Daredevils,172
1304097,Gujarat Titans,172
548333,Delhi Daredevils,172
1426310,Royal Challengers Bengaluru,172
548339,Mumbai Indians,171
501222,Kolkata Knight Riders,171
1422131,Chennai Super Kings,171
419120,Deccan Chargers,171
548367,Royal Challengers Bangalore,171
1136607,Rajasthan Royals,171
829805,Mumbai Indians,171
981009,Kolkata Knight Riders,171
1254106,Kolkata Knight Riders,171
1254081,Rajasthan Royals,171
1304065,Kolkata Knight Riders,171
419123,Royal Challengers Bangalore,171
1359479,Mumbai Indians,171
1359534,Royal Challengers Bangalore,171
1254080,Sunrisers Hyderabad,171
1254079,Royal Challengers Bangalore,171
1178406,Royal Challengers Bangalore,171
1178421,Royal Challengers Bangalore,171
336002,Royal Challengers Bangalore,171
980927,Mumbai Indians,171
598036,Royal Challengers Bangalore,171
598041,Kings XI Punjab,171
1426279,Sunrisers Hyderabad,171
1082603,Rising Pune Supergiant,171
1304056,Gujarat Titans,171
1254098,Kolkata Knight Riders,171
1082601,Kolkata Knight Riders,171
1370353,Chennai Super Kings,171
1216531,Royal Challengers Bangalore,171
1359521,Kolkata Knight Riders,171
598028,Kings XI Punjab,171
1178426,Mumbai Indians,171
1359525,Lucknow Super Giants,171
980945,Delhi Daredevils,171
1370352,Mumbai Indians,171
829761,Kolkata Knight Riders,171
1178426,Sunrisers Hyderabad,170
733979,Rajasthan Royals,170
419117,Deccan Chargers,170
548317,Rajasthan Royals,170
1304089,Royal Challengers Bangalore,170
733973,Mumbai Indians,170
1136587,Mumbai Indians,170
1178430,Chennai Super Kings,170
980927,Royal Challengers Bangalore,170
392236,Royal Challengers Bangalore,170
501257,Kings XI Punjab,170
548342,Mumbai Indians,170
734005,Delhi Daredevils,170
1426264,Delhi Capitals,170
598050,Mumbai Indians,170
548359,Kings XI Punjab,170
1082601,Kings XI Punjab,170
598042,Pune Warriors,170
829705,Kolkata Knight Riders,170
1304113,Royal Challengers Bangalore,170
1304075,Gujarat Titans,170
1359511,Chennai Super Kings,170
1175359,Rajasthan Royals,170
1175370,Mumbai Indians,170
1254079,Delhi Capitals,170
598037,Kings XI Punjab,170
598061,Pune Warriors,170
829773,Chennai Super Kings,170
548365,Rajasthan Royals,170
1178407,Rajasthan Royals,170
1304055,Mumbai Indians,170
1136587,Chennai Super Kings,169
829723,Kolkata Knight Riders,169
829725,Delhi Daredevils,169
1426289,Kolkata Knight Riders,169
1136618,Kolkata Knight Riders,169
1304058,Lucknow Super Giants,169
1216525,Royal Challengers Bangalore,169
336001,Chennai Super Kings,169
1304059,Rajasthan Royals,169
336003,Kolkata Knight Riders,169
1304075,Chennai Super Kings,169
501239,Kolkata Knight Riders,169
1136561,Chennai Super Kings,169
1082608,Kolkata Knight Riders,169
392216,Kings XI Punjab,169
392196,Deccan Chargers,169
598072,Mumbai Indians,169
598020,Chennai Super Kings,169
1304113,Gujarat Titans,168
419118,Rajasthan Royals,168
598062,Chennai Super Kings,168
1254102,Punjab Kings,168
548339,Kings XI Punjab,168
392190,Rajasthan Royals,168
392192,Deccan Chargers,168
392191,Royal Challengers Bangalore,168
419165,Chennai Super Kings,168
1422130,Gujarat Titans,168
1136597,Kolkata Knight Riders,168
1304067,Sunrisers Hyderabad,168
501216,Deccan Chargers,168
1136607,Mumbai Indians,168
1178409,Mumbai Indians,168
1304083,Lucknow Super Giants,168
829705,Mumbai Indians,168
335987,Rajasthan Royals,168
1082642,Delhi Daredevils,168
1136581,Rajasthan Royals,168
733983,Royal Challengers Bangalore,168
1422123,Gujarat Titans,168
1082608,Delhi Daredevils,168
392216,Deccan Chargers,168
733973,Kings XI Punjab,168
1082629,Rising Pune Supergiant,167
1254077,Delhi Capitals,167
1136581,Mumbai Indians,167
1254086,Delhi Capitals,167
1426264,Lucknow Super Giants,167
1359529,Chennai Super Kings,167
335999,Kings XI Punjab,167
419144,Delhi Daredevils,167
1359533,Punjab Kings,167
829781,Kolkata Knight Riders,167
1136562,Kings XI Punjab,167
1136574,Royal Challengers Bangalore,167
1216546,Kings XI Punjab,167
1254100,Sunrisers Hyderabad,167
598017,Royal Challengers Bangalore,167
1426295,Sunrisers Hyderabad,167
1216528,Chennai Super Kings,167
729289,Delhi Daredevils,167
1426291,Chennai Super Kings,167
1175367,Rajasthan Royals,167
1136591,Royal Challengers Bangalore,167
1216501,Kolkata Knight Riders,167
1082639,Kings XI Punjab,167
829731,Delhi Daredevils,167
1178423,Kings XI Punjab,167
1178412,Delhi Capitals,166
392220,Deccan Chargers,166
1254086,Punjab Kings,166
335987,Kings XI Punjab,166
1359521,Sunrisers Hyderabad,166
501212,Kings XI Punjab,166
1422136,Sunrisers Hyderabad,166
829719,Royal Challengers Bangalore,166
1216529,Mumbai Indians,166
335985,Royal Challengers Bangalore,166
1254101,Royal Challengers Bangalore,166
548331,Royal Challengers Bangalore,166
598063,Mumbai Indians,166
419128,Royal Challengers Bangalore,166
980965,Rising Pune Supergiants,166
1136562,Delhi Daredevils,166
1175368,Kings XI Punjab,166
392235,Delhi Daredevils,166
1216492,Chennai Super Kings,166
392228,Deccan Chargers,166
729289,Kolkata Knight Riders,166
1254067,Kolkata Knight Riders,166
1216499,Mumbai Indians,166
733991,Royal Challengers Bangalore,166
548313,Pune Warriors,166
1254077,Sunrisers Hyderabad,166
829805,Kolkata Knight Riders,166
598012,Chennai Super Kings,166
1422134,Delhi Capitals,166
1216512,Kolkata Knight Riders,166
1082628,Mumbai Indians,165
829721,Rajasthan Royals,165
1181766,Delhi Capitals,165
829723,Chennai Super Kings,165
335996,Royal Challengers Bangalore,165
419142,Chennai Super Kings,165
1136561,Mumbai Indians,165
829725,Kings XI Punjab,165
335985,Mumbai Indians,165
1426295,Lucknow Super Giants,165
1422136,Chennai Super Kings,165
392235,Mumbai Indians,165
392190,Kolkata Knight Riders,165
1216512,Sunrisers Hyderabad,165
392181,Mumbai Indians,165
392196,Chennai Super Kings,165
336002,Deccan Chargers,165
598024,Delhi Daredevils,165
598006,Delhi Daredevils,165
734027,Royal Challengers Bangalore,165
1254108,Royal Challengers Bangalore,165
1254117,Kolkata Knight Riders,165
501236,Chennai Super Kings,165
598012,Royal Challengers Bangalore,165
598072,Rajasthan Royals,165
548315,Kolkata Knight Riders,165
1304102,Kolkata Knight Riders,165
598001,Rajasthan Royals,165
501212,Deccan Chargers,165
1304066,Rajasthan Royals,165
1254102,Kolkata Knight Riders,165
1254085,Sunrisers Hyderabad,165
734019,Kings XI Punjab,165
980975,Gujarat Lions,164
980963,Kolkata Knight Riders,164
829721,Mumbai Indians,164
980933,Delhi Daredevils,164
980941,Kings XI Punjab,164
419113,Chennai Super Kings,164
1254090,Royal Challengers Bangalore,164
1216546,Delhi Capitals,164
419117,Kings XI Punjab,164
1216499,Royal Challengers Bangalore,164
980911,Gujarat Lions,164
419132,Mumbai Indians,164
734019,Delhi Daredevils,164
1082594,Kings XI Punjab,164
598038,Chennai Super Kings,164
1254100,Rajasthan Royals,164
1254101,Delhi Capitals,164
1136613,Rajasthan Royals,164
1426309,Kolkata Knight Riders,164
335999,Deccan Chargers,164
1136596,Sunrisers Hyderabad,164
1136586,Kolkata Knight Riders,164
1175369,Rajasthan Royals,164
548334,Kings XI Punjab,164
548330,Chennai Super Kings,164
336040,Rajasthan Royals,164
1082644,Kolkata Knight Riders,164
598028,Delhi Daredevils,164
598035,Delhi Daredevils,164
1082625,Mumbai Indians,164
392202,Chennai Super Kings,164
548312,Rajasthan Royals,164
501221,Mumbai Indians,164
1216516,Sunrisers Hyderabad,164
1216523,Kolkata Knight Riders,164
829711,Sunrisers Hyderabad,164
598017,Delhi Daredevils,163
829731,Sunrisers Hyderabad,163
1082594,Rising Pune Supergiant,163
734033,Rajasthan Royals,163
419132,Kings XI Punjab,163
501203,Kolkata Knight Riders,163
1136596,Delhi Daredevils,163
598061,Kolkata Knight Riders,163
1216507,Rajasthan Royals,163
336013,Kings XI Punjab,163
980911,Rising Pune Supergiants,163
981017,Sunrisers Hyderabad,163
548334,Mumbai Indians,163
548331,Kings XI Punjab,163
1426287,Punjab Kings,163
1136575,Kolkata Knight Riders,163
729279,Kolkata Knight Riders,163
501251,Kings XI Punjab,163
1359481,Gujarat Titans,163
336040,Chennai Super Kings,163
729315,Kolkata Knight Riders,163
548377,Mumbai Indians,163
729315,Rajasthan Royals,163
392206,Chennai Super Kings,163
1304077,Lucknow Super Giants,163
548350,Kings XI Punjab,163
734043,Kolkata Knight Riders,163
1178412,Kings XI Punjab,163
1216534,Royal Challengers Bangalore,163
829793,Sunrisers Hyderabad,163
1422139,Lucknow Super Giants,163
1136615,Mumbai Indians,163
1426287,Chennai Super Kings,162
1082616,Gujarat Lions,162
829709,Rajasthan Royals,162
981017,Gujarat Lions,162
1136612,Delhi Daredevils,162
981015,Sunrisers Hyderabad,162
1216523,Kings XI Punjab,162
1359481,Delhi Capitals,162
1082628,Royal Challengers Bangalore,162
1216529,Delhi Capitals,162
980905,Gujarat Lions,162
980939,Kolkata Knight Riders,162
1082647,Rising Pune Supergiant,162
1216492,Mumbai Indians,162
598029,Mumbai Indians,162
1422123,Mumbai Indians,162
419148,Royal Challengers Bangalore,162
1216532,Sunrisers Hyderabad,162
1178404,Chennai Super Kings,162
1304060,Kolkata Knight Riders,162
598048,Royal Challengers Bangalore,162
501200,Royal Challengers Bangalore,162
1304066,Lucknow Super Giants,162
419133,Chennai Super Kings,162
335995,Kings XI Punjab,162
336004,Mumbai Indians,162
548378,Kolkata Knight Riders,162
548377,Rajasthan Royals,162
1181766,Sunrisers Hyderabad,162
829817,Chennai Super Kings,162
980965,Delhi Daredevils,162
1304067,Gujarat Titans,162
548321,Delhi Daredevils,162
1422130,Sunrisers Hyderabad,162
1426266,Kolkata Knight Riders,162
501211,Royal Challengers Bangalore,162
1178411,Rajasthan Royals,162
501227,Royal Challengers Bangalore,161
1178413,Sunrisers Hyderabad,161
734037,Kolkata Knight Riders,161
733985,Kolkata Knight Riders,161
1312199,Rajasthan Royals,161
419133,Royal Challengers Bangalore,161
1178411,Mumbai Indians,161
734021,Sunrisers Hyderabad,161
1178404,Kolkata Knight Riders,161
980957,Mumbai Indians,161
419106,Kolkata Knight Riders,161
981003,Delhi Daredevils,161
1082607,Rising Pune Supergiant,161
1304104,Delhi Capitals,161
1082629,Gujarat Lions,161
392223,Deccan Chargers,161
1304060,Mumbai Indians,161
1082642,Rising Pune Supergiant,161
1082627,Kolkata Knight Riders,161
1304090,Mumbai Indians,161
1359495,Punjab Kings,161
419120,Delhi Daredevils,161
598024,Mumbai Indians,161
1178414,Royal Challengers Bangalore,161
829823,Chennai Super Kings,161
598048,Sunrisers Hyderabad,161
1426266,Lucknow Super Giants,161
501200,Kochi Tuskers Kerala,161
1082622,Kolkata Knight Riders,161
1178420,Rajasthan Royals,161
1082646,Royal Challengers Bangalore,161
1216543,Delhi Capitals,161
980905,Kings XI Punjab,161
1304050,Gujarat Titans,161
501241,Mumbai Indians,160
1082622,Delhi Daredevils,160
1254058,Royal Challengers Bangalore,160
392188,Royal Challengers Bangalore,160
598030,Chennai Super Kings,160
392228,Kolkata Knight Riders,160
1304104,Rajasthan Royals,160
1178420,Sunrisers Hyderabad,160
501209,Kolkata Knight Riders,160
1304116,Punjab Kings,160
734037,Sunrisers Hyderabad,160
1082618,Rising Pune Supergiant,160
548309,Kings XI Punjab,160
1304115,Mumbai Indians,160
1178414,Chennai Super Kings,160
734021,Royal Challengers Bangalore,160
733979,Kolkata Knight Riders,160
734035,Chennai Super Kings,160
1178393,Chennai Super Kings,160
733995,Chennai Super Kings,160
1216493,Delhi Capitals,160
734001,Mumbai Indians,160
598001,Delhi Daredevils,160
980939,Rising Pune Supergiants,160
419129,Chennai Super Kings,160
733985,Delhi Daredevils,160
501227,Delhi Daredevils,160
1136575,Rajasthan Royals,160
548352,Chennai Super Kings,160
1136619,Kolkata Knight Riders,160
1304095,Chennai Super Kings,160
419148,Kolkata Knight Riders,160
548368,Chennai Super Kings,160
1254096,Kolkata Knight Riders,159
336015,Rajasthan Royals,159
1136616,Chennai Super Kings,159
1359495,Lucknow Super Giants,159
734025,Mumbai Indians,159
1178413,Kolkata Knight Riders,159
1304115,Delhi Capitals,159
1426309,Sunrisers Hyderabad,159
1082600,Mumbai Indians,159
829789,Mumbai Indians,159
501209,Rajasthan Royals,159
1082625,Gujarat Lions,159
829717,Mumbai Indians,159
829733,Kolkata Knight Riders,159
1304110,Delhi Capitals,159
419141,Rajasthan Royals,159
548341,Pune Warriors,159
981013,Royal Challengers Bangalore,159
1082609,Sunrisers Hyderabad,159
980957,Rising Pune Supergiants,159
1216493,Kings XI Punjab,159
419110,Chennai Super Kings,159
1082636,Kolkata Knight Riders,159
598015,Pune Warriors,159
1254058,Mumbai Indians,159
980951,Kolkata Knight Riders,159
1359486,Chennai Super Kings,159
1136568,Royal Challengers Bangalore,159
501237,Mumbai Indians,159
598029,Kolkata Knight Riders,159
598030,Sunrisers Hyderabad,159
1082636,Royal Challengers Bangalore,158
1082600,Sunrisers Hyderabad,158
1254090,Punjab Kings,158
392236,Deccan Chargers,158
419146,Kings XI Punjab,158
335995,Delhi Daredevils,158
548368,Kolkata Knight Riders,158
829789,Chennai Super Kings,158
733977,Royal Challengers Bangalore,158
548350,Royal Challengers Bangalore,158
980975,Kolkata Knight Riders,158
392186,Kings XI Punjab,158
734031,Delhi Daredevils,158
1136600,Rajasthan Royals,158
1082643,Sunrisers Hyderabad,158
336026,Delhi Daredevils,158
1304090,Rajasthan Royals,158
981003,Sunrisers Hyderabad,158
336018,Mumbai Indians,158
981013,Gujarat Lions,158
598008,Royal Challengers Bangalore,158
1082631,Rising Pune Supergiant,158
1175369,Royal Challengers Bangalore,158
501253,Delhi Daredevils,158
829761,Delhi Daredevils,158
1216507,Sunrisers Hyderabad,158
1304093,Kolkata Knight Riders,158
1304050,Lucknow Super Giants,158
1216514,Royal Challengers Bangalore,158
598016,Kings XI Punjab,157
1254113,Chennai Super Kings,157
1082618,Mumbai Indians,157
1082624,Rising Pune Supergiant,157
548321,Deccan Chargers,157
1304058,Sunrisers Hyderabad,157
1426298,Kolkata Knight Riders,157
829735,Rajasthan Royals,157
392211,Delhi Daredevils,157
1304056,Delhi Capitals,157
1426285,Kolkata Knight Riders,157
1082595,Royal Challengers Bangalore,157
1359486,Mumbai Indians,157
419135,Deccan Chargers,157
1216516,Chennai Super Kings,157
419141,Deccan Chargers,157
1312199,Royal Challengers Bangalore,157
734001,Sunrisers Hyderabad,157
392218,Mumbai Indians,157
733995,Mumbai Indians,157
1370350,Gujarat Titans,157
829793,Delhi Daredevils,157
419143,Rajasthan Royals,157
1237181,Mumbai Indians,157
1304116,Sunrisers Hyderabad,157
829751,Mumbai Indians,157
829797,Chennai Super Kings,157
548310,Royal Challengers Bangalore,157
980963,Kings XI Punjab,157
1216501,Chennai Super Kings,157
729317,Mumbai Indians,157
501233,Delhi Daredevils,157
1237181,Delhi Capitals,156
734023,Kolkata Knight Riders,156
733975,Rajasthan Royals,156
734025,Kings XI Punjab,156
392192,Mumbai Indians,156
548343,Kings XI Punjab,156
829735,Chennai Super Kings,156
1304081,Gujarat Titans,156
1254113,Royal Challengers Bangalore,156
336034,Royal Challengers Bangalore,156
1254082,Delhi Capitals,156
501242,Kochi Tuskers Kerala,156
336015,Delhi Daredevils,156
548322,Pune Warriors,156
501221,Chennai Super Kings,156
419122,Mumbai Indians,156
1254104,Chennai Super Kings,156
1304079,Chennai Super Kings,156
1216518,Sunrisers Hyderabad,156
597999,Royal Challengers Bangalore,156
336018,Chennai Super Kings,156
1082604,Sunrisers Hyderabad,155
1254096,Mumbai Indians,155
598049,Rajasthan Royals,155
733977,Sunrisers Hyderabad,155
1304079,Mumbai Indians,155
419122,Kolkata Knight Riders,155
1136598,Kings XI Punjab,155
419119,Royal Challengers Bangalore,155
1304061,Lucknow Super Giants,155
548322,Chennai Super Kings,155
829733,Kings XI Punjab,155
1178400,Chennai Super Kings,155
1304070,Rajasthan Royals,155
548363,Kolkata Knight Riders,155
1178419,Mumbai Indians,155
1304106,Royal Challengers Bangalore,155
1304063,Sunrisers Hyderabad,155
1082631,Kolkata Knight Riders,155
501232,Pune Warriors,155
335994,Deccan Chargers,155
1136568,Kings XI Punjab,155
1178405,Delhi Capitals,155
734035,Royal Challengers Bangalore,154
1216505,Delhi Capitals,154
1216514,Rajasthan Royals,154
336026,Royal Challengers Bangalore,154
597999,Mumbai Indians,154
1304063,Chennai Super Kings,154
1359492,Gujarat Titans,154
598008,Kolkata Knight Riders,154
501203,Deccan Chargers,154
1216506,Chennai Super Kings,154
1359500,Lucknow Super Giants,154
980933,Mumbai Indians,154
392211,Kolkata Knight Riders,154
980955,Kings XI Punjab,154
335994,Mumbai Indians,154
1082609,Kings XI Punjab,154
392207,Kings XI Punjab,154
1216518,Rajasthan Royals,154
1254097,Delhi Capitals,154
598049,Delhi Daredevils,154
829745,Royal Challengers Bangalore,154
548357,Kolkata Knight Riders,154
1304109,Lucknow Super Giants,154
1359536,Sunrisers Hyderabad,154
1254082,Kolkata Knight Riders,154
419146,Mumbai Indians,154
734023,Chennai Super Kings,154
1082643,Gujarat Lions,154
392237,Deccan Chargers,154
1136566,Rajasthan Royals,153
1136616,Kings XI Punjab,153
392207,Kolkata Knight Riders,153
392237,Delhi Daredevils,153
598016,Kolkata Knight Riders,153
980919,Kings XI Punjab,153
829747,Mumbai Indians,153
1254103,Royal Challengers Bangalore,153
1082639,Kolkata Knight Riders,153
548357,Delhi Daredevils,153
1359492,Punjab Kings,153
980981,Mumbai Indians,153
1216506,Kings XI Punjab,153
734017,Rajasthan Royals,153
1136591,Mumbai Indians,153
336034,Deccan Chargers,153
1304088,Lucknow Super Giants,153
419143,Kings XI Punjab,153
501198,Chennai Super Kings,153
1422133,Royal Challengers Bengaluru,153
829783,Mumbai Indians,153
1216534,Sunrisers Hyderabad,153
336024,Deccan Chargers,153
1426285,Delhi Capitals,153
829783,Delhi Daredevils,152
1304074,Sunrisers Hyderabad,152
419124,Kings XI Punjab,152
1304064,Royal Challengers Bangalore,152
1216505,Royal Challengers Bangalore,152
501216,Delhi Daredevils,152
501204,Rajasthan Royals,152
335993,Chennai Super Kings,152
548345,Delhi Daredevils,152
1136598,Rajasthan Royals,152
1359509,Mumbai Indians,152
1175368,Delhi Capitals,152
980919,Rising Pune Supergiants,152
501261,Chennai Super Kings,152
1304093,Rajasthan Royals,152
1178395,Delhi Capitals,152
733975,Delhi Daredevils,152
598063,Rajasthan Royals,152
1254062,Mumbai Indians,152
1426265,Rajasthan Royals,152
598053,Kolkata Knight Riders,152
1426290,Royal Challengers Bengaluru,152
392227,Chennai Super Kings,151
1304074,Punjab Kings,151
501204,Delhi Daredevils,151
501252,Royal Challengers Bangalore,151
1178400,Rajasthan Royals,151
336000,Kolkata Knight Riders,151
1181767,Chennai Super Kings,151
1082646,Delhi Daredevils,151
419151,Deccan Chargers,151
548345,Rajasthan Royals,151
501198,Kolkata Knight Riders,151
980981,Royal Challengers Bangalore,151
501207,Pune Warriors,151
1304114,Rajasthan Royals,151
1178397,Kings XI Punjab,151
1359530,Rajasthan Royals,151
1136567,Sunrisers Hyderabad,151
1304064,Mumbai Indians,151
419126,Rajasthan Royals,151
548330,Pune Warriors,151
1136588,Sunrisers Hyderabad,151
1359494,Delhi Capitals,151
419119,Mumbai Indians,151
1216495,Sunrisers Hyderabad,151
392208,Royal Challengers Bangalore,150
548353,Kolkata Knight Riders,150
598031,Kolkata Knight Riders,150
1082598,Kings XI Punjab,150
392194,Delhi Daredevils,150
392201,Delhi Daredevils,150
392230,Delhi Daredevils,150
1304114,Chennai Super Kings,150
829707,Chennai Super Kings,150
598056,Sunrisers Hyderabad,150
548352,Deccan Chargers,150
1175360,Chennai Super Kings,150
1304087,Delhi Capitals,150
1254066,Mumbai Indians,150
1178397,Sunrisers Hyderabad,150
1216520,Kings XI Punjab,150
733997,Kolkata Knight Riders,150
1216544,Chennai Super Kings,150
1254064,Rajasthan Royals,150
1359501,Punjab Kings,150
829759,Sunrisers Hyderabad,150
336027,Rajasthan Royals,150
419106,Deccan Chargers,150
980961,Delhi Daredevils,150
598004,Sunrisers Hyderabad,150
980983,Delhi Daredevils,150
729299,Kolkata Knight Riders,150
1181768,Mumbai Indians,149
1304051,Sunrisers Hyderabad,149
1359530,Kolkata Knight Riders,149
1216495,Mumbai Indians,149
1304061,Delhi Capitals,149
1216520,Kolkata Knight Riders,149
1216526,Mumbai Indians,149
1254103,Rajasthan Royals,149
1254063,Royal Challengers Bangalore,149
1178395,Royal Challengers Bangalore,149
980961,Gujarat Lions,149
829775,Kings XI Punjab,149
548343,Chennai Super Kings,149
419162,Royal Challengers Bangalore,149
598031,Kings XI Punjab,149
392238,Royal Challengers Bangalore,149
392208,Mumbai Indians,149
733997,Kings XI Punjab,149
734003,Chennai Super Kings,149
598035,Pune Warriors,149
501240,Chennai Super Kings,149
501239,Deccan Chargers,149
392194,Royal Challengers Bangalore,149
336025,Kolkata Knight Riders,149
548379,Mumbai Indians,149
829707,Delhi Daredevils,149
981009,Sunrisers Hyderabad,149
336037,Chennai Super Kings,148
733971,Chennai Super Kings,148
548337,Delhi Daredevils,148
829779,Chennai Super Kings,148
1082598,Royal Challengers Bangalore,148
419126,Deccan Chargers,148
1216526,Kolkata Knight Riders,148
1216543,Rajasthan Royals,148
392201,Deccan Chargers,148
734003,Rajasthan Royals,148
1082634,Rising Pune Supergiant,148
1304081,Kolkata Knight Riders,148
598009,Pune Warriors,148
598002,Mumbai Indians,148
501269,Mumbai Indians,148
501230,Kolkata Knight Riders,148
392203,Mumbai Indians,148
1181768,Chennai Super Kings,148
501207,Kochi Tuskers Kerala,148
598073,Mumbai Indians,148
336007,Deccan Chargers,148
729299,Royal Challengers Bangalore,148
501240,Rajasthan Royals,147
1426290,Gujarat Titans,147
548332,Chennai Super Kings,147
980917,Gujarat Lions,147
1216528,Sunrisers Hyderabad,147
598052,Rajasthan Royals,147
1175360,Delhi Capitals,147
501271,Royal Challengers Bangalore,147
501269,Kolkata Knight Riders,147
1216532,Delhi Capitals,147
335993,Kolkata Knight Riders,147
1181767,Delhi Capitals,147
392198,Rajasthan Royals,147
336027,Kolkata Knight Riders,147
419140,Royal Challengers Bangalore,147
1254064,Delhi Capitals,147
1359535,Kolkata Knight Riders,147
829739,Kolkata Knight Riders,147
336037,Deccan Chargers,147
1426265,Punjab Kings,147
392227,Mumbai Indians,147
501220,Rajasthan Royals,147
1136567,Mumbai Indians,147
419121,Kings XI Punjab,146
336036,Rajasthan Royals,146
980935,Sunrisers Hyderabad,146
980983,Sunrisers Hyderabad,146
1359541,Delhi Capitals,146
419165,Mumbai Indians,146
980915,Kolkata Knight Riders,146
1304087,Kolkata Knight Riders,146
1216508,Kolkata Knight Riders,146
501236,Deccan Chargers,146
419108,Delhi Daredevils,146
729281,Royal Challengers Bangalore,146
501252,Rajasthan Royals,146
1426275,Gujarat Titans,146
1359476,Kolkata Knight Riders,146
729311,Chennai Super Kings,146
392181,Chennai Super Kings,146
501246,Delhi Daredevils,146
1136592,Rajasthan Royals,146
392238,Chennai Super Kings,146
548337,Pune Warriors,146
598051,Sunrisers Hyderabad,146
548332,Rajasthan Royals,146
829739,Delhi Daredevils,146
1136599,Sunrisers Hyderabad,146
598032,Rajasthan Royals,146
734015,Kolkata Knight Riders,146
419160,Deccan Chargers,145
1426286,Lucknow Super Giants,145
392204,Royal Challengers Bangalore,145
980923,Sunrisers Hyderabad,145
392212,Deccan Chargers,145
548359,Deccan Chargers,145
1426289,Mumbai Indians,145
392225,Rajasthan Royals,145
1136609,Kolkata Knight Riders,145
1426299,Chennai Super Kings,145
1304094,Punjab Kings,145
729281,Delhi Daredevils,145
829797,Rajasthan Royals,145
598052,Kings XI Punjab,145
336036,Mumbai Indians,145
548374,Delhi Daredevils,145
1359488,Sunrisers Hyderabad,145
392206,Delhi Daredevils,145
1082602,Mumbai Indians,145
598009,Rajasthan Royals,145
1254083,Royal Challengers Bangalore,145
1216544,Royal Challengers Bangalore,145
598004,Royal Challengers Bangalore,145
501228,Chennai Super Kings,145
1216545,Kolkata Knight Riders,145
729311,Sunrisers Hyderabad,145
1426303,Punjab Kings,145
419121,Chennai Super Kings,145
1359508,Delhi Capitals,144
336016,Kings XI Punjab,144
1359500,Rajasthan Royals,144
598058,Rajasthan Royals,144
336007,Chennai Super Kings,144
1304085,Rajasthan Royals,144
598032,Sunrisers Hyderabad,144
598070,Mumbai Indians,144
501235,Rajasthan Royals,144
1426286,Mumbai Indians,144
548378,Delhi Daredevils,144
548349,Delhi Daredevils,144
419127,Kings XI Punjab,144
548313,Kings XI Punjab,144
1359535,Chennai Super Kings,144
1304103,Gujarat Titans,144
419152,Delhi Daredevils,144
1426303,Rajasthan Royals,144
1136618,Rajasthan Royals,144
598005,Rajasthan Royals,144
733993,Delhi Daredevils,143
548344,Royal Challengers Bangalore,143
335988,Delhi Daredevils,143
392239,Deccan Chargers,143
392199,Royal Challengers Bangalore,143
501235,Pune Warriors,143
1237177,Delhi Capitals,143
1359488,Punjab Kings,143
548336,Rajasthan Royals,143
1254063,Sunrisers Hyderabad,143
1422125,Gujarat Titans,143
392198,Delhi Daredevils,143
1136582,Kings XI Punjab,143
1359477,Delhi Capitals,143
501205,Mumbai Indians,143
392225,Mumbai Indians,143
419153,Chennai Super Kings,143
336016,Royal Challengers Bangalore,143
980935,Kings XI Punjab,143
980917,Mumbai Indians,143
1304094,Gujarat Titans,143
1216503,Kings XI Punjab,143
1136600,Kings XI Punjab,143
548353,Pune Warriors,143
1254069,Rajasthan Royals,143
419163,Chennai Super Kings,142
980923,Mumbai Indians,142
419108,Kings XI Punjab,142
419111,Delhi Daredevils,142
1082595,Delhi Daredevils,142
1082647,Mumbai Indians,142
548360,Royal Challengers Bangalore,142
335988,Deccan Chargers,142
734009,Kolkata Knight Riders,142
501226,Chennai Super Kings,142
1082602,Royal Challengers Bangalore,142
1082614,Mumbai Indians,142
734013,Royal Challengers Bangalore,142
1136609,Rajasthan Royals,142
392205,Rajasthan Royals,142
734015,Sunrisers Hyderabad,142
598011,Pune Warriors,142
1304110,Punjab Kings,142
1216545,Sunrisers Hyderabad,142
980915,Sunrisers Hyderabad,142
548312,Kolkata Knight Riders,142
1426275,Punjab Kings,142
501270,Mumbai Indians,142
1359485,Delhi Capitals,142
548314,Mumbai Indians,142
1254062,Kolkata Knight Riders,142
501208,Royal Challengers Bangalore,142
729303,Chennai Super Kings,142
392217,Chennai Super Kings,141
734009,Mumbai Indians,141
392218,Royal Challengers Bangalore,141
392205,Deccan Chargers,141
548374,Kings XI Punjab,141
419111,Rajasthan Royals,141
501261,Kochi Tuskers Kerala,141
1136599,Royal Challengers Bangalore,141
729303,Mumbai Indians,141
1426260,Chennai Super Kings,141
501257,Delhi Daredevils,141
1254095,Sunrisers Hyderabad,141
501238,Kochi Tuskers Kerala,141
980925,Kolkata Knight Riders,141
501228,Pune Warriors,141
548349,Rajasthan Royals,141
548360,Mumbai Indians,141
501199,Rajasthan Royals,141
419142,Mumbai Indians,141
1426299,Rajasthan Royals,141
1304054,Kolkata Knight Riders,141
598058,Chennai Super Kings,141
336011,Rajasthan Royals,141
981015,Kolkata Knight Riders,140
1359523,Chennai Super Kings,140
829821,Chennai Super Kings,140
1136588,Rajasthan Royals,140
1426300,Delhi Capitals,140
336011,Deccan Chargers,140
1178396,Kolkata Knight Riders,140
1136577,Rajasthan Royals,140
729297,Chennai Super Kings,140
548370,Kolkata Knight Riders,140
501205,Royal Challengers Bangalore,140
392217,Rajasthan Royals,140
501238,Delhi Daredevils,140
1082638,Sunrisers Hyderabad,140
1136617,Chennai Super Kings,140
548347,Kolkata Knight Riders,140
548369,Delhi Daredevils,140
1082596,Sunrisers Hyderabad,140
1359529,Delhi Capitals,140
1254094,Punjab Kings,139
1136617,Sunrisers Hyderabad,139
392203,Kolkata Knight Riders,139
1136582,Delhi Daredevils,139
1426298,Mumbai Indians,139
1359523,Mumbai Indians,139
1426311,Rajasthan Royals,139
548347,Chennai Super Kings,139
1254105,Delhi Capitals,139
419153,Kolkata Knight Riders,139
829821,Royal Challengers Bangalore,139
392195,Kings XI Punjab,139
1254110,Delhi Capitals,139
1426291,Punjab Kings,139
1254115,Kolkata Knight Riders,139
392199,Kolkata Knight Riders,139
981011,Royal Challengers Bangalore,139
501241,Pune Warriors,139
419147,Deccan Chargers,139
501242,Kolkata Knight Riders,139
1178396,Rajasthan Royals,139
734011,Delhi Daredevils,139
598046,Mumbai Indians,139
598007,Chennai Super Kings,139
1136570,Sunrisers Hyderabad,139
1254091,Chennai Super Kings,139
598002,Chennai Super Kings,139
1216500,Rajasthan Royals,138
734013,Chennai Super Kings,138
1359503,Chennai Super Kings,138
598007,Kings XI Punjab,138
335992,Rajasthan Royals,138
548362,Pune Warriors,138
1082638,Mumbai Indians,138
1082633,Kings XI Punjab,138
548314,Deccan Chargers,138
1254070,Delhi Capitals,138
501259,Deccan Chargers,138
981011,Delhi Daredevils,138
335997,Mumbai Indians,138
1136570,Kolkata Knight Riders,138
419147,Chennai Super Kings,138
1178393,Kings XI Punjab,138
1254115,Royal Challengers Bangalore,138
980925,Kings XI Punjab,138
419151,Royal Challengers Bangalore,138
1254099,Mumbai Indians,137
548320,Kolkata Knight Riders,137
548310,Delhi Daredevils,137
1304108,Gujarat Titans,137
501199,Deccan Chargers,137
1216504,Rajasthan Royals,137
392204,Kings XI Punjab,137
1426260,Kolkata Knight Riders,137
392239,Royal Challengers Bangalore,137
1178408,Sunrisers Hyderabad,137
335997,Kolkata Knight Riders,137
1082605,Kings XI Punjab,137
419131,Kolkata Knight Riders,137
419150,Rajasthan Royals,137
980979,Sunrisers Hyderabad,137
1304054,Punjab Kings,137
980929,Sunrisers Hyderabad,137
598040,Delhi Daredevils,137
1254095,Royal Challengers Bangalore,137
1216519,Royal Challengers Bangalore,137
1359508,Sunrisers Hyderabad,137
829751,Sunrisers Hyderabad,137
1426292,Lucknow Super Giants,137
501250,Pune Warriors,137
1254066,Sunrisers Hyderabad,137
1254070,Mumbai Indians,137
1254116,Kolkata Knight Riders,136
1254110,Chennai Super Kings,136
598033,Royal Challengers Bangalore,136
548324,Royal Challengers Bangalore,136
1254104,Mumbai Indians,136
548369,Kings XI Punjab,136
548375,Kolkata Knight Riders,136
548380,Delhi Daredevils,136
598040,Kolkata Knight Riders,136
829709,Kings XI Punjab,136
501250,Deccan Chargers,136
598065,Sunrisers Hyderabad,136
1082634,Sunrisers Hyderabad,136
419109,Kolkata Knight Riders,136
1178394,Mumbai Indians,136
1359533,Delhi Capitals,136
501259,Pune Warriors,136
392230,Rajasthan Royals,136
1216511,Rajasthan Royals,136
501237,Kings XI Punjab,136
1216497,Delhi Capitals,135
598015,Chennai Super Kings,135
729285,Rajasthan Royals,135
1359504,Gujarat Titans,135
501256,Deccan Chargers,135
1082596,Gujarat Lions,135
419123,Chennai Super Kings,135
1254116,Delhi Capitals,135
829807,Sunrisers Hyderabad,135
335992,Royal Challengers Bangalore,135
1082621,Gujarat Lions,135
980929,Gujarat Lions,135
419161,Kolkata Knight Riders,135
598071,Rajasthan Royals,135
419109,Royal Challengers Bangalore,135
1254099,Punjab Kings,135
392232,Royal Challengers Bangalore,135
598062,Delhi Daredevils,135
501224,Deccan Chargers,135
501215,Kochi Tuskers Kerala,135
734043,Kings XI Punjab,135
419160,Delhi Daredevils,134
1082607,Royal Challengers Bangalore,134
419157,Royal Challengers Bangalore,134
548354,Kings XI Punjab,134
1178431,Mumbai Indians,134
1082621,Royal Challengers Bangalore,134
419118,Kolkata Knight Riders,134
392232,Delhi Daredevils,134
392229,Kings XI Punjab,134
1136613,Royal Challengers Bangalore,134
829809,Chennai Super Kings,134
1254094,Chennai Super Kings,134
1426284,Sunrisers Hyderabad,134
548323,Kings XI Punjab,134
1254075,Rajasthan Royals,134
501263,Rajasthan Royals,134
733989,Sunrisers Hyderabad,134
598067,Delhi Daredevils,134
1359503,Sunrisers Hyderabad,134
829749,Royal Challengers Bangalore,134
829765,Chennai Super Kings,134
1254091,Sunrisers Hyderabad,134
1254105,Sunrisers Hyderabad,134
1304108,Chennai Super Kings,133
1175370,Chennai Super Kings,133
729285,Sunrisers Hyderabad,133
598066,Mumbai Indians,133
392182,Royal Challengers Bangalore,133
598043,Kolkata Knight Riders,133
392229,Deccan Chargers,133
1254075,Kolkata Knight Riders,133
501263,Mumbai Indians,133
1312200,Gujarat Titans,133
336017,Kolkata Knight Riders,133
392210,Kings XI Punjab,133
980979,Rising Pune Supergiants,133
1178431,Kolkata Knight Riders,133
729297,Rajasthan Royals,133
501249,Rajasthan Royals,133
419161,Mumbai Indians,133
1304088,Punjab Kings,133
336004,Delhi Daredevils,133
419158,Kolkata Knight Riders,133
1304047,Kolkata Knight Riders,133
598027,Pune Warriors,133
1304083,Mumbai Indians,132
392224,Royal Challengers Bangalore,132
501219,Kochi Tuskers Kerala,132
419158,Rajasthan Royals,132
548323,Kolkata Knight Riders,132
419154,Royal Challengers Bangalore,132
548376,Deccan Chargers,132
1254112,Delhi Capitals,132
1216542,Kings XI Punjab,132
829781,Sunrisers Hyderabad,132
598013,Sunrisers Hyderabad,132
598071,Sunrisers Hyderabad,132
598043,Rajasthan Royals,132
1304052,Royal Challengers Bangalore,132
1136585,Sunrisers Hyderabad,132
598069,Sunrisers Hyderabad,132
729307,Kings XI Punjab,132
1216525,Chennai Super Kings,132
829765,Kolkata Knight Riders,132
336023,Royal Challengers Bangalore,132
335984,Delhi Daredevils,132
1178408,Chennai Super Kings,132
1237178,Sunrisers Hyderabad,132
1181764,Mumbai Indians,132
1254074,Punjab Kings,132
1175371,Sunrisers Hyderabad,131
1254074,Mumbai Indians,131
1304047,Chennai Super Kings,131
1082617,Kolkata Knight Riders,131
980955,Gujarat Lions,131
1216524,Delhi Capitals,131
501215,Chennai Super Kings,131
548320,Rajasthan Royals,131
501230,Delhi Daredevils,131
419130,Deccan Chargers,131
1216530,Rajasthan Royals,131
1359478,Sunrisers Hyderabad,131
829727,Rajasthan Royals,131
1216539,Chennai Super Kings,131
1237178,Royal Challengers Bangalore,131
1181764,Chennai Super Kings,131
598039,Sunrisers Hyderabad,130
598069,Kolkata Knight Riders,130
829759,Kings XI Punjab,130
829809,Kings XI Punjab,130
1359518,Delhi Capitals,130
1254092,Kolkata Knight Riders,130
1422139,Gujarat Titans,130
419154,Rajasthan Royals,130
1312200,Rajasthan Royals,130
829749,Rajasthan Royals,130
501266,Royal Challengers Bangalore,129
980967,Sunrisers Hyderabad,129
597998,Kolkata Knight Riders,129
548308,Pune Warriors,129
392224,Chennai Super Kings,129
501229,Deccan Chargers,129
598039,Mumbai Indians,129
336010,Kolkata Knight Riders,129
1136573,Delhi Daredevils,129
1254112,Mumbai Indians,129
335984,Rajasthan Royals,129
1175371,Delhi Capitals,129
1082650,Mumbai Indians,129
501266,Chennai Super Kings,128
597998,Delhi Daredevils,128
1136612,Chennai Super Kings,128
548373,Deccan Chargers,128
1359504,Lucknow Super Giants,128
1082648,Sunrisers Hyderabad,128
1178409,Delhi Capitals,128
1136595,Chennai Super Kings,128
1082614,Delhi Daredevils,128
1082650,Rising Pune Supergiant,128
1304052,Kolkata Knight Riders,128
1359502,Delhi Capitals,128
501247,Royal Challengers Bangalore,128
829727,Sunrisers Hyderabad,127
1359484,Lucknow Super Giants,127
729313,Kings XI Punjab,127
336006,Kings XI Punjab,127
1359502,Kolkata Knight Riders,127
980985,Kings XI Punjab,127
1254092,Delhi Capitals,127
1422132,Rajasthan Royals,127
548328,Kolkata Knight Riders,127
548335,Kolkata Knight Riders,127
1136564,Sunrisers Hyderabad,127
598021,Sunrisers Hyderabad,127
1136595,Royal Challengers Bangalore,127
548361,Chennai Super Kings,127
598038,Pune Warriors,127
1304057,Chennai Super Kings,126
548335,Deccan Chargers,126
336029,Royal Challengers Bangalore,126
729309,Delhi Daredevils,126
548358,Rajasthan Royals,126
1136578,Kings XI Punjab,126
1216498,Kings XI Punjab,126
336012,Mumbai Indians,126
598000,Sunrisers Hyderabad,126
392212,Mumbai Indians,126
548373,Rajasthan Royals,126
548361,Rajasthan Royals,126
598014,Rajasthan Royals,126
1216533,Rajasthan Royals,126
501219,Kolkata Knight Riders,126
980993,Delhi Daredevils,126
392202,Rajasthan Royals,126
1359517,Royal Challengers Bangalore,126
1254078,Kolkata Knight Riders,126
980901,Rising Pune Supergiants,126
336006,Royal Challengers Bangalore,126
980967,Gujarat Lions,126
1359519,Lucknow Super Giants,125
729309,Mumbai Indians,125
501256,Mumbai Indians,125
598005,Kolkata Knight Riders,125
548365,Pune Warriors,125
1304100,Sunrisers Hyderabad,125
1216533,Chennai Super Kings,125
392219,Delhi Daredevils,125
1422132,Mumbai Indians,125
1359518,Gujarat Titans,125
1254107,Punjab Kings,125
548358,Pune Warriors,125
598073,Chennai Super Kings,125
981001,Gujarat Lions,125
1136564,Rajasthan Royals,125
501247,Kochi Tuskers Kerala,125
980985,Mumbai Indians,124
829779,Royal Challengers Bangalore,124
336010,Royal Challengers Bangalore,124
598014,Kings XI Punjab,124
501218,Mumbai Indians,124
729313,Royal Challengers Bangalore,124
598022,Chennai Super Kings,124
981001,Kolkata Knight Riders,124
548328,Kings XI Punjab,124
392226,Kings XI Punjab,123
392219,Kolkata Knight Riders,123
548376,Royal Challengers Bangalore,123
1254078,Punjab Kings,123
598023,Royal Challengers Bangalore,123
548315,Royal Challengers Bangalore,123
1304107,Sunrisers Hyderabad,123
598021,Kings XI Punjab,123
1359483,Royal Challengers Bangalore,123
548371,Kings XI Punjab,123
729279,Mumbai Indians,122
1254076,Royal Challengers Bangalore,122
336012,Royal Challengers Bangalore,122
392222,Mumbai Indians,122
1359484,Sunrisers Hyderabad,121
1254097,Rajasthan Royals,121
1254071,Sunrisers Hyderabad,121
501260,Royal Challengers Bangalore,121
419134,Rajasthan Royals,121
729295,Sunrisers Hyderabad,121
980997,Delhi Daredevils,121
598059,Kings XI Punjab,121
1216502,Sunrisers Hyderabad,121
980901,Mumbai Indians,121
1178428,Delhi Capitals,121
1254107,Sunrisers Hyderabad,120
829801,Delhi Daredevils,120
1254071,Punjab Kings,120
980999,Kings XI Punjab,120
598059,Delhi Daredevils,120
548351,Mumbai Indians,120
501234,Kolkata Knight Riders,120
392226,Delhi Daredevils,120
1216502,Royal Challengers Bangalore,120
548371,Chennai Super Kings,120
598056,Kings XI Punjab,120
501248,Pune Warriors,120
501244,Kings XI Punjab,120
419114,Delhi Daredevils,120
829767,Delhi Daredevils,119
548311,Deccan Chargers,119
829801,Chennai Super Kings,119
1359522,Gujarat Titans,119
1082633,Royal Challengers Bangalore,119
501248,Kings XI Punjab,119
392200,Kings XI Punjab,119
392222,Kings XI Punjab,119
1254109,Kolkata Knight Riders,119
1304078,Delhi Capitals,119
734039,Kings XI Punjab,119
598022,Kolkata Knight Riders,119
548351,Pune Warriors,119
501234,Kings XI Punjab,119
501262,Kolkata Knight Riders,119
501233,Kochi Tuskers Kerala,119
598018,Sunrisers Hyderabad,119
1136585,Kings XI Punjab,119
1136583,Sunrisers Hyderabad,118
392215,Delhi Daredevils,118
980943,Sunrisers Hyderabad,118
1359522,Rajasthan Royals,118
829767,Kings XI Punjab,118
501262,Pune Warriors,118
336022,Delhi Daredevils,118
501218,Pune Warriors,118
501226,Pune Warriors,117
1304101,Delhi Capitals,117
598023,Rajasthan Royals,117
548319,Kings XI Punjab,116
392234,Chennai Super Kings,116
336039,Chennai Super Kings,116
392215,Mumbai Indians,116
335991,Mumbai Indians,116
1178405,Sunrisers Hyderabad,116
598055,Mumbai Indians,116
1216521,Mumbai Indians,116
501264,Kings XI Punjab,116
392200,Mumbai Indians,116
729287,Royal Challengers Bangalore,116
598057,Kolkata Knight Riders,116
548306,Mumbai Indians,115
419138,Deccan Chargers,115
829771,Royal Challengers Bangalore,115
1254109,Sunrisers Hyderabad,115
1304085,Royal Challengers Bangalore,115
1178428,Rajasthan Royals,115
729287,Mumbai Indians,115
598057,Royal Challengers Bangalore,115
1304078,Punjab Kings,115
598010,Sunrisers Hyderabad,115
734039,Delhi Daredevils,115
548364,Chennai Super Kings,115
548319,Pune Warriors,115
598010,Delhi Daredevils,114
1216498,Sunrisers Hyderabad,114
829815,Mumbai Indians,114
548364,Delhi Daredevils,114
1426312,Kolkata Knight Riders,114
501245,Chennai Super Kings,114
1216521,Chennai Super Kings,114
733971,Kolkata Knight Riders,114
1175366,Royal Challengers Bangalore,113
392220,Rajasthan Royals,113
598065,Rajasthan Royals,113
501202,Pune Warriors,113
1426312,Sunrisers Hyderabad,113
980913,Delhi Daredevils,113
829815,Sunrisers Hyderabad,113
419155,Delhi Daredevils,113
1304102,Mumbai Indians,113
501202,Kings XI Punjab,112
598055,Pune Warriors,112
1216540,Kolkata Knight Riders,112
336029,Chennai Super Kings,112
335986,Kolkata Knight Riders,112
336039,Kings XI Punjab,112
419149,Kings XI Punjab,112
419155,Chennai Super Kings,112
392195,Rajasthan Royals,112
548306,Chennai Super Kings,112
1178398,Chennai Super Kings,111
1216535,Mumbai Indians,111
1082649,Mumbai Indians,111
980913,Kings XI Punjab,111
501225,Rajasthan Royals,111
548316,Delhi Daredevils,111
1254108,Mumbai Indians,111
829771,Kolkata Knight Riders,111
419149,Delhi Daredevils,111
336017,Delhi Daredevils,110
336005,Rajasthan Royals,110
335986,Deccan Chargers,110
1216535,Delhi Capitals,110
548316,Chennai Super Kings,110
419113,Kolkata Knight Riders,109
729307,Kolkata Knight Riders,109
336005,Chennai Super Kings,109
829819,Rajasthan Royals,109
1178419,Chennai Super Kings,109
1216510,Royal Challengers Bangalore,109
501225,Kochi Tuskers Kerala,109
1178398,Kolkata Knight Riders,108
598018,Pune Warriors,108
1359517,Lucknow Super Giants,108
1136601,Kolkata Knight Riders,108
548370,Mumbai Indians,108
1082599,Rising Pune Supergiant,108
392213,Rajasthan Royals,107
1082649,Kolkata Knight Riders,107
1254065,Chennai Super Kings,107
598068,Royal Challengers Bangalore,106
598053,Pune Warriors,106
1254065,Punjab Kings,106
829803,Kings XI Punjab,106
501255,Royal Challengers Bangalore,105
598050,Kolkata Knight Riders,105
392213,Royal Challengers Bangalore,105
980987,Gujarat Lions,104
392184,Deccan Chargers,104
392183,Kings XI Punjab,104
336008,Mumbai Indians,104
598000,Pune Warriors,104
419163,Deccan Chargers,104
980989,Rising Pune Supergiants,103
336008,Rajasthan Royals,103
1304105,Mumbai Indians,103
548375,Pune Warriors,102
733989,Rajasthan Royals,102
392233,Kolkata Knight Riders,102
392184,Kolkata Knight Riders,101
392233,Rajasthan Royals,101
1370351,Lucknow Super Giants,101
829743,Kolkata Knight Riders,101
548346,Mumbai Indians,101
1304099,Kolkata Knight Riders,101
548308,Mumbai Indians,101
548307,Delhi Daredevils,100
598003,Kings XI Punjab,100
548346,Deccan Chargers,100
392209,Deccan Chargers,100
980903,Kolkata Knight Riders,99
598003,Pune Warriors,99
829757,Royal Challengers Bangalore,99
1178425,Delhi Capitals,99
501201,Mumbai Indians,99
980903,Delhi Daredevils,98
501258,Kochi Tuskers Kerala,98
501258,Rajasthan Royals,97
1304105,Chennai Super Kings,97
548307,Kolkata Knight Riders,97
1082624,Royal Challengers Bangalore,96
1178394,Sunrisers Hyderabad,96
829757,Delhi Daredevils,95
392197,Kolkata Knight Riders,95
501201,Delhi Daredevils,95
829753,Kings XI Punjab,95
501231,Rajasthan Royals,95
980943,Rising Pune Supergiants,94
501231,Mumbai Indians,94
1254093,Mumbai Indians,94
336022,Kings XI Punjab,94
1254087,Kolkata Knight Riders,94
548325,Delhi Daredevils,93
419115,Royal Challengers Bangalore,93
419115,Rajasthan Royals,92
598019,Mumbai Indians,92
392234,Kings XI Punjab,92
1136608,Royal Challengers Bangalore,92
1254087,Royal Challengers Bangalore,92
980973,Mumbai Indians,92
548325,Mumbai Indians,92
1426270,Delhi Capitals,92
1254093,Rajasthan Royals,90
501255,Kolkata Knight Riders,89
1426270,Gujarat Titans,89
829785,Kings XI Punjab,88
1136608,Kings XI Punjab,88
336038,Delhi Daredevils,87
501251,Mumbai Indians,87
1136583,Mumbai Indians,87
392185,Royal Challengers Bangalore,87
419164,Royal Challengers Bangalore,86
1216494,Royal Challengers Bangalore,85
1254106,Rajasthan Royals,85
501214,Kolkata Knight Riders,85
1216494,Kolkata Knight Riders,84
729293,Delhi Daredevils,84
829803,Royal Challengers Bangalore,84
598020,Delhi Daredevils,83
829807,Royal Challengers Bangalore,83
1304103,Lucknow Super Giants,82
598068,Chennai Super Kings,82
419164,Deccan Chargers,82
335982,Royal Challengers Bangalore,82
501214,Rajasthan Royals,81
598044,Sunrisers Hyderabad,81
598044,Delhi Daredevils,80
598046,Chennai Super Kings,79
392186,Kolkata Knight Riders,79
1082645,Rising Pune Supergiant,78
980997,Rising Pune Supergiants,76
501229,Kochi Tuskers Kerala,74
1082645,Kings XI Punjab,73
1304082,Sunrisers Hyderabad,72
1175356,Chennai Super Kings,71
729305,Rajasthan Royals,71
1175356,Royal Challengers Bangalore,70
729305,Royal Challengers Bangalore,70
336021,Mumbai Indians,68
1304082,Royal Challengers Bangalore,68
1082626,Kings XI Punjab,68
336021,Kolkata Knight Riders,67
1082626,Delhi Daredevils,67
980989,Kolkata Knight Riders,66
1082635,Delhi Daredevils,66
1178424,Royal Challengers Bangalore,62
501245,Kolkata Knight Riders,61
1136566,Delhi Daredevils,60
1359534,Rajasthan Royals,59
392182,Rajasthan Royals,58
392183,Delhi Daredevils,58
501265,Delhi Daredevils,56
336025,Chennai Super Kings,55
1082617,Royal Challengers Bangalore,49
1082648,Kolkata Knight Riders,48
733993,Sunrisers Hyderabad,44
1178424,Rajasthan Royals,41
829813,Royal Challengers Bangalore,2
